Keyword,Intent,Source,Seed
cursor ai download,"Download, Issues",Google,Cursor AI
cursorfx,Informational,Bing,Cursor
cursor 教程 2025,Guide,Google,Cursor 教程
cursor ai powered ide,Informational,Google,Cursor AI
cursor 教程 视频,Guide,Google,Cursor 教程
cursor 账号切换,Informational,Bing,Cursor 账号
cursor 账号登录,Informational,Bing,Cursor 账号
cursors library rw designer,Informational,Bing,Cursor
cursor ai editor,Informational,Bing,Cursor AI
cursor ai agent,Informational,Bing,Cursor AI
cursor skills,Informational,Google,Cursor
cursor账号,Informational,Google,Cursor 账号
cursor ide linux,Informational,Google,Cursor IDE
cursor 教程 中文,Guide,Google,Cursor 教程
cursor 账号 购买,Transactional,Bing,Cursor 账号
cursor教程python,Guide,Bing,Cursor 教程
cursor ide for windows,Informational,Bing,Cursor IDE
cursor教程从0到一,Guide,Bing,Cursor 教程
cursor 账号注销,Informational,Bing,Cursor 账号
cursor size,Informational,Bing,Cursor
cursor 教程 pycharm,Guide,Google,Cursor 教程
cursor ide install,Download,Google,Cursor IDE
cursory definition,Informational,Bing,Cursor
cursor library,Informational,Bing,Cursor
cursor ai alternative,Informational,Bing,Cursor AI
cursor 教程 vscode,Guide,Google,Cursor 教程
cursor ide,Informational,Bing,Cursor IDE
cursor ide pricing,Informational,Google,Cursor IDE
cursor ai tool,Informational,Bing,Cursor AI
cursor ide,Informational,Google,Cursor
cursor 购买,Transactional,Bing,Cursor 购买
cursor pro,Informational,Google,Cursor
cursor ai reddit,Informational,Google,Cursor AI
cursor vs claude code,Informational,Google,Cursor
cursor student,Informational,Bing,Cursor
cursor,Informational,Bing,Cursor
cursor 教程 最新,Guide,Google,Cursor 教程
cursor教程使用,Guide,Bing,Cursor 教程
cursor ai vs github copilot,Informational,Bing,Cursor AI
cursor ide icon,Informational,Bing,Cursor IDE
cursor ide free,Download,Google,Cursor IDE
cursor 教程 idea,Guide,Google,Cursor 教程
cursor ai price,Transactional,Bing,Cursor AI
cursor ai free,Download,Bing,Cursor AI
cursor 教育 账号 购买,Transactional,Google,Cursor 购买
cursor ide download for windows 11,"Download, Issues",Bing,Cursor IDE
cursor ide,Informational,Bing,Cursor
国内 cursor 购买,Transactional,Google,Cursor 购买
cursor settings,Informational,Bing,Cursor
cursor disappeared on laptop,Informational,Bing,Cursor
cursor ai stock,Informational,Google,Cursor AI
cursor ai ide,Informational,Bing,Cursor AI
cursor账号可以多人使用吗,Informational,Google,Cursor 账号
cursor账号怎么注册,Guide,Google,Cursor 账号
https://cursor.com/,Informational,Google,Cursor AI
cursor ide logo,Informational,Bing,Cursor IDE
cursor pricing,Informational,Bing,Cursor
cursor购买教程,"Transactional, Guide",Google,Cursor 购买
cursor 购买会员,Transactional,Bing,Cursor 购买
cursor ai vs copilot,Informational,Bing,Cursor AI
cursor账号退出,Informational,Google,Cursor 账号
cursor ai logo,Informational,Bing,Cursor AI
cursor ai powered,Informational,Bing,Cursor AI
cursor ai student,Informational,Google,Cursor AI
cursor账号能共享吗,Informational,Google,Cursor 账号
cursor ai login,Informational,Bing,Cursor AI
cursor speed,Informational,Bing,Cursor
cursor ide tutorial,Guide,Google,Cursor IDE
cursor ai download windows,"Download, Issues",Bing,Cursor AI
cursor ai pro,Informational,Bing,Cursor AI
cursor ide alternative,Informational,Bing,Cursor IDE
cursors 4u,Informational,Bing,Cursor
cursor student,Informational,Google,Cursor
cursor ide for students,Informational,Google,Cursor IDE
cursor 教程 java,Guide,Google,Cursor 教程
cursor download,"Download, Issues",Google,Cursor
cursor ide icon,Informational,Google,Cursor IDE
cursor 账号,Informational,Bing,Cursor 账号
cursor 购买优惠,Transactional,Google,Cursor 购买
cursor editor,Informational,Bing,Cursor
cursor lock,Informational,Bing,Cursor
cursor教程csdn,Guide,Bing,Cursor 教程
cursor ide reddit,Informational,Google,Cursor IDE
cursor 账号切换,Informational,Google,Cursor 账号
https://cursor.com/,Informational,Google,Cursor
cursor 购买 方式,Transactional,Google,Cursor 购买
cursor ai coding,Informational,Bing,Cursor AI
cursor 账号管理,Informational,Google,Cursor 账号
cursor ide linux,Informational,Bing,Cursor IDE
cursor ide vs vs code,Informational,Bing,Cursor IDE
cursor教程 bilibili,Guide,Google,Cursor 教程
cursor ai download,"Download, Issues",Bing,Cursor
cursor ai pricing,Informational,Google,Cursor AI
cursor pricing,Informational,Google,Cursor
cursor ai,Informational,Bing,Cursor
cursor 教程 pdf,Guide,Bing,Cursor 教程
cursor 账号查看,Informational,Bing,Cursor 账号
cursor 账号管理,Informational,Bing,Cursor 账号
cursor ide vs vscode,Informational,Google,Cursor IDE
cursory,Informational,Google,Cursor
cursor changer,Informational,Bing,Cursor
cursor ide ai,Informational,Bing,Cursor IDE
cursor roblox,Informational,Bing,Cursor
cursor 教程,Guide,Bing,Cursor 教程
cursor 账号 购买,Transactional,Google,Cursor 账号
cursor 账号注册,Informational,Google,Cursor 账号
cursor ide forum,Informational,Google,Cursor IDE
cursor osuskinner,Informational,Bing,Cursor
cursory definition,Informational,Google,Cursor
cursor ide alternatives,Informational,Google,Cursor IDE
cursor library,Informational,Google,Cursor
cursor教程全自动代码生成器,Guide,Bing,Cursor 教程
cursor ai download,"Download, Issues",Bing,Cursor AI
cursor教程下载,"Download, Guide",Bing,Cursor 教程
cursor ai price,Transactional,Google,Cursor AI
cursor ai code editor,Informational,Google,Cursor AI
cursor ai,Informational,Bing,Cursor AI
cursor 购买 渠道,Transactional,Google,Cursor 购买
cursor cli,Informational,Google,Cursor
cursor style,Informational,Bing,Cursor
cursor ai free,Download,Google,Cursor AI
cursor教程 youtube,Guide,Google,Cursor 教程
cursor账号注销,Informational,Google,Cursor 账号
cursor 购买 pro,Transactional,Google,Cursor 购买
cursor ide tutorial,Guide,Bing,Cursor IDE
cursor 教程 ppt,Guide,Google,Cursor 教程
cursor ide download,"Download, Issues",Google,Cursor IDE
cursor 账号共享,Informational,Bing,Cursor 账号
cursor ide online,Informational,Bing,Cursor IDE
cursor ideas,Informational,Google,Cursor IDE
cursor账号登录,Informational,Google,Cursor 账号
cursor 教程 知 乎,Guide,Google,Cursor 教程
cursor ai valuation,Informational,Google,Cursor AI
cursor download,"Download, Issues",Bing,Cursor
cursor ide pricing,Informational,Bing,Cursor IDE
cursor 账号管理工具,Informational,Google,Cursor 账号
cursor ai pricing,Informational,Bing,Cursor AI
cursor ide download,"Download, Issues",Bing,Cursor IDE
cursor 购买 发票,Transactional,Google,Cursor 购买
cursor ide extensions,Informational,Bing,Cursor IDE
cursor 购买 指南,"Transactional, Guide",Google,Cursor 购买
cursor购买会员,Transactional,Google,Cursor 购买
cursor教程中文,Guide,Bing,Cursor 教程
cursor ai download for windows 11,"Download, Issues",Bing,Cursor AI
cursor ide free,Download,Bing,Cursor IDE
cursor教程 vscode,Guide,Bing,Cursor 教程
cursory review,Informational,Bing,Cursor
cursor ide claude,Informational,Google,Cursor IDE
cursor ai coding,Informational,Google,Cursor AI
cursor账号可以几个人用,Informational,Google,Cursor 账号
cursor 教程 2024,Guide,Google,Cursor 教程
cursor ide student,Informational,Bing,Cursor IDE
cursor 购买 支付宝,Transactional,Google,Cursor 购买
cursor ai online,Informational,Bing,Cursor AI
cursor 购买 发票,Transactional,Bing,Cursor 购买
cursory,Informational,Bing,Cursor
cursor 教程 github,Guide,Google,Cursor 教程
cursor教程 b站,Guide,Bing,Cursor 教程
cursor agent,Informational,Google,Cursor
cursor 购买 方案,Transactional,Google,Cursor 购买
cursor 教程 pdf,Guide,Google,Cursor 教程
cursor 账号注册,Informational,Bing,Cursor 账号
cursor plans,Informational,Google,Cursor
cursor ai founders,Informational,Google,Cursor AI
cursor ai tool,Informational,Google,Cursor AI
cursor ai stock,Informational,Bing,Cursor AI
cursor 账号 购买,Transactional,Google,Cursor 购买
cursor ai code editor,Informational,Bing,Cursor AI
cursor ai vscode,Informational,Bing,Cursor AI
cursor ide ai,Informational,Google,Cursor IDE
cursor 如何 购买,Transactional,Google,Cursor 购买
cursor ai rules,Informational,Bing,Cursor AI
cursor ai,Informational,Google,Cursor
cursor 账号池,Informational,Bing,Cursor 账号
cursor ai ide,Informational,Google,Cursor AI
cursor color change,Informational,Bing,Cursor
cursor ai student,Informational,Bing,Cursor AI
cursor 购买 v2ex,Transactional,Google,Cursor 购买
