Keyword,Source,Seed
cursor ide education,Google,Cursor IDE
cursor ide trial,Bing,Cursor IDE
cursor 怎么用,Google,Cursor教程
cursor账号注销,Google,Cursor账号
cursor ide slow,Google,Cursor IDE
cursor ide android,Google,Cursor IDE
cursor ide on ipad,Google,Cursor IDE
cursor ide for c#,Google,Cursor IDE
cursor ide vs windsurf,Google,Cursor IDE
cursor ide llm,Bing,Cursor IDE
cursor ide shortcuts,Bing,Cursor IDE
cursor 0x0,Google,Cursor教程
cursor ide claude 3.7,Google,Cursor IDE
cursor教程从0到一,Bing,Cursor教程
cursor ide enterprise,Google,Cursor IDE
cursor ide for linux,Bing,Cursor IDE
cursor ide review 2025,Google,Cursor IDE
cursor账号池,Bing,Cursor账号
cursor账号可以被多人使用吗,Bing,Cursor账号
cursor ide change theme,Bing,Cursor IDE
cursor ide online,Google,Cursor IDE
cursor ide o que é,Google,Cursor IDE
cursor ide with github copilot,Google,Cursor IDE
cursor ide logout,Google,Cursor IDE
cursor ide student,Bing,Cursor IDE
cursor教程csdn,Bing,Cursor教程
cursor 如何使用,Google,Cursor购买
cursor ide hack,Google,Cursor IDE
cursor ide github copilot,Google,Cursor IDE
cursor ide models,Bing,Cursor IDE
cursor ide mobile app,Google,Cursor IDE
cursor账号被封,Bing,Cursor账号
cursor ide 2025,Google,Cursor IDE
cursor ide для 1с,Google,Cursor IDE
cursor java,Google,Cursor账号
cursor ide review,Bing,Cursor IDE
cursor ide agent,Google,Cursor IDE
cursor购买发票,Bing,Cursor购买
cursor ide gemini 3,Google,Cursor IDE
cursor ide flutter,Bing,Cursor IDE
cursor购买教程,Google,Cursor购买
cursor ide web,Google,Cursor IDE
cursor ide icon png,Bing,Cursor IDE
cursor ide usage,Bing,Cursor IDE
3ds max cursor settings,Google,Cursor IDE
cursor ide student discount,Google,Cursor IDE
cursor ide download for mac,Google,Cursor IDE
cursor ide brew,Bing,Cursor IDE
cursor ide privacy,Bing,Cursor IDE
cursor ide vs copilot,Bing,Cursor IDE
cursor ide editor,Bing,Cursor IDE
cursor ide hotkeys,Google,Cursor IDE
cursor ide vendor,Bing,Cursor IDE
cursor ide reset settings,Google,Cursor IDE
cursor ide browser,Google,Cursor IDE
cursor ide claude,Google,Cursor IDE
cursor ide how to change theme,Google,Cursor IDE
cursor ide with local llm,Google,Cursor IDE
cursor ide bug,Google,Cursor IDE
cursor ide parent company,Bing,Cursor IDE
cursor ide vs github copilot,Bing,Cursor IDE
cursor ide which company,Google,Cursor IDE
cursor使用,Google,Cursor购买
cursor ide is free or paid,Google,Cursor IDE
cursor ide net worth,Google,Cursor IDE
cursor ide shortcut key,Bing,Cursor IDE
cursor ide api,Google,Cursor IDE
cursor id,Google,Cursor IDE
cursor ide support,Bing,Cursor IDE
cursor教程使用,Bing,Cursor教程
cursor ide download for windows 10,Bing,Cursor IDE
cursor ide download ubuntu,Google,Cursor IDE
cursor ide mcp servers,Google,Cursor IDE
cursor ide subscription,Google,Cursor IDE
cursor ide on chromebook,Google,Cursor IDE
cursor ide forum,Google,Cursor IDE
cursor ide tips,Google,Cursor IDE
cursor ide ceo,Google,Cursor IDE
cursor ide keybinds,Google,Cursor IDE
cursor教程 bilibili,Google,Cursor教程
cursor ide blog,Google,Cursor IDE
cursor ide ai,Google,Cursor IDE
cursor setup,Google,Cursor购买
cursor ide vs cli,Google,Cursor IDE
cursor ide is it free,Google,Cursor IDE
cursor 如何使用,Google,Cursor账号
acer aspire 3 cursor disappears,Google,Cursor IDE
cursor in oracle,Google,Cursor购买
cursor账号怎么注册,Bing,Cursor账号
cursor ide youtube,Google,Cursor IDE
cursor ide remote ssh,Google,Cursor IDE
cursor ide icon svg,Google,Cursor IDE
cursor 使用,Google,Cursor账号
cursor ide black friday,Bing,Cursor IDE
cursor ide open source alternative,Google,Cursor IDE
cursor ide latest version,Bing,Cursor IDE
cursor ide for java development,Google,Cursor IDE
cursor怎么用,Google,Cursor购买
cursor ide on phone,Google,Cursor IDE
cursor ide features,Google,Cursor IDE
cursor ide wsl2,Bing,Cursor IDE
cursor教程,Google,Cursor教程
cursor ide notepads,Bing,Cursor IDE
cursor教程 vscode,Bing,Cursor教程
install cursor ide on ubuntu,Bing,Cursor IDE
cursor ide documentation,Bing,Cursor IDE
cursor ide extensions,Bing,Cursor IDE
cursor ide on linux,Bing,Cursor IDE
cursor ide plans,Bing,Cursor IDE
cursor账号注册,Google,Cursor账号
cursor ide best practices,Google,Cursor IDE
cursor ide website,Bing,Cursor IDE
cursor ide markdown preview,Google,Cursor IDE
cursor ide dashboard,Bing,Cursor IDE
cursor ide 1.0,Google,Cursor IDE
cursor ide overview,Google,Cursor IDE
cursor ide how to use,Google,Cursor IDE
cursor ide account,Google,Cursor IDE
cursor ide docs,Bing,Cursor IDE
cursor ide key,Google,Cursor IDE
cursor ide ipad,Bing,Cursor IDE
cursor ide buy,Google,Cursor IDE
4 cursor,Google,Cursor购买
cursor ide install linux,Google,Cursor IDE
cursor ide neovim,Google,Cursor IDE
cursor ide logo,Bing,Cursor IDE
cursor ide in browser,Bing,Cursor IDE
cursor ide unity,Google,Cursor IDE
cursor使用,Google,Cursor账号
cursor ide disappeared windows 11,Google,Cursor IDE
cursor ide online,Bing,Cursor IDE
cursor ide image,Google,Cursor IDE
cursor ide best model,Google,Cursor IDE
cursor ide for ipad,Bing,Cursor IDE
cursor ide theme change,Bing,Cursor IDE
cursor购买,Bing,Cursor购买
cursor ide rules for ai,Google,Cursor IDE
cursor ide claude code,Google,Cursor IDE
cursor 9,Google,Cursor教程
cursor ide devcontainer,Bing,Cursor IDE
cursor ideas,Google,Cursor IDE
cursor ide download,Bing,Cursor IDE
cursor ide software,Bing,Cursor IDE
cursor ide julia,Google,Cursor IDE
cursor ide for python,Google,Cursor IDE
cursor ide mcp,Bing,Cursor IDE
cursor ide vulnerability,Bing,Cursor IDE
cursor账号 免费,Bing,Cursor账号
when did cursor ide release,Bing,Cursor IDE
cursor code,Google,Cursor账号
cursor ide browser extension,Google,Cursor IDE
cursor ide godot,Google,Cursor IDE
cursor ide slow,Bing,Cursor IDE
cursor ide on ipad pro,Google,Cursor IDE
cursor ide java support,Google,Cursor IDE
cursor ide expand all,Google,Cursor IDE
cursor ide java,Bing,Cursor IDE
cursor 购买 发票,Bing,Cursor购买
cursor ide linux,Google,Cursor IDE
cursor ide full screen,Bing,Cursor IDE
cursor ide gpt 5,Google,Cursor IDE
cursor ide training,Google,Cursor IDE
cursor ide alternatives,Google,Cursor IDE
cursor ide hooks,Google,Cursor IDE
cursor ide unreal engine,Google,Cursor IDE
cursor ide android,Bing,Cursor IDE
cursor ide design,Google,Cursor IDE
cursor ide for arch linux,Google,Cursor IDE
cursor ide javascript,Google,Cursor IDE
cursor ide agent mode,Google,Cursor IDE
cursor ide cost,Google,Cursor IDE
cursor ide github,Bing,Cursor IDE
cursor ide free quota,Google,Cursor IDE
cursor ide keeps not responding,Google,Cursor IDE
cursor ide release date,Google,Cursor IDE
cursor ide tool,Google,Cursor IDE
cursor ide 0.45.x,Bing,Cursor IDE
cursor ide with ai,Google,Cursor IDE
who owns cursor ide,Bing,Cursor IDE
cursor ide c++,Bing,Cursor IDE
cursor ide advantages,Google,Cursor IDE
cursor ide git blame,Google,Cursor IDE
cursor ide download for windows 11,Bing,Cursor IDE
cursor ide how to login,Google,Cursor IDE
cursor购买 怎么支付,Bing,Cursor购买
cursor ide is free or paid,Bing,Cursor IDE
cursor ide crack,Google,Cursor IDE
cursor ide auto save,Google,Cursor IDE
cursor ide help,Google,Cursor IDE
cursor ide for students,Google,Cursor IDE
cursor ide worktree,Google,Cursor IDE
cursor账号申请,Google,Cursor账号
cursor vs,Google,Cursor账号
cursor购买pro,Bing,Cursor购买
cursor ide que es,Google,Cursor IDE
cursor ide creator,Bing,Cursor IDE
cursor ide free for students,Google,Cursor IDE
cursor ide hack,Bing,Cursor IDE
cursor使用教程,Google,Cursor账号
cursor如何使用,Google,Cursor购买
cursor ide debug mode,Google,Cursor IDE
cursor ide mac,Google,Cursor IDE
cursor ide meaning,Google,Cursor IDE
cursor pointer,Google,Cursor账号
cursor ide theme for vscode,Google,Cursor IDE
cursor ide api key,Google,Cursor IDE
cursor ide composer,Bing,Cursor IDE
cursor java,Google,Cursor教程
cursor ide zen mode,Google,Cursor IDE
cursor ide for c#,Bing,Cursor IDE
cursor ai powered ide,Bing,Cursor IDE
cursor shortcut key,Google,Cursor IDE
cursor ide open chat,Google,Cursor IDE
cursor ide java project,Google,Cursor IDE
cursor ide web,Bing,Cursor IDE
cursor ide release notes,Google,Cursor IDE
cursor ide vscode,Google,Cursor IDE
cursor ide jobs,Google,Cursor IDE
cursor ide jump to definition,Google,Cursor IDE
cursor ide qt,Google,Cursor IDE
cursor购买方式,Bing,Cursor购买
cursor ide hanging,Google,Cursor IDE
cursor ide browser,Bing,Cursor IDE
cursor pointer example,Google,Cursor IDE
cursor ide codex,Bing,Cursor IDE
cursor ide claude,Bing,Cursor IDE
cursor ide with claude,Google,Cursor IDE
cursor ide windows 10,Google,Cursor IDE
cursor ide updates,Google,Cursor IDE
cursor ide size,Google,Cursor IDE
cursor ide uninstall,Google,Cursor IDE
cursor ide connect to database,Google,Cursor IDE
cursor购买能开发票吗,Bing,Cursor购买
cursor ide for ubuntu,Google,Cursor IDE
cursor教程下载,Bing,Cursor教程
cursor ide tips and tricks,Google,Cursor IDE
cursor ide uses which llm,Google,Cursor IDE
cursor ide down,Google,Cursor IDE
cursor ide for java,Google,Cursor IDE
cursor ide yay,Google,Cursor IDE
cursor ide memory,Google,Cursor IDE
cursor examples,Google,Cursor IDE
cursor ide para linux,Bing,Cursor IDE
cursor ide wiki,Bing,Cursor IDE
cursor ide integration,Google,Cursor IDE
cursor 怎么用,Google,Cursor购买
cursor ide news,Google,Cursor IDE
mac terminal cursor disappears,Google,Cursor IDE
cursor ide macos,Google,Cursor IDE
cursor ide linux install,Google,Cursor IDE
cursor ide use ollama,Google,Cursor IDE
cursor ide ai,Bing,Cursor IDE
cursor ide license,Bing,Cursor IDE
cursor 教程,Google,Cursor教程
cursor ide quota,Google,Cursor IDE
cursor ide promotional code,Bing,Cursor IDE
cursor ide zsh,Google,Cursor IDE
is cursor ide good,Bing,Cursor IDE
cursor 0x0,Google,Cursor购买
cursor ide competitors,Google,Cursor IDE
cursor教程 b站,Bing,Cursor教程
cursor ide arch linux,Google,Cursor IDE
cursor ide for flutter,Google,Cursor IDE
cursor9,Google,Cursor购买
cursor ide sonnet 3.7,Google,Cursor IDE
cursor ide vim,Bing,Cursor IDE
cursor ide kotlin support,Google,Cursor IDE
cursor ide cycle agent count,Google,Cursor IDE
cursor ide ubuntu download,Google,Cursor IDE
cursor ide ubuntu 24,Google,Cursor IDE
que es cursor ai powered ide,Google,Cursor IDE
cursor ide launch date,Google,Cursor IDE
cursor ide setup,Google,Cursor IDE
cursor账号登录,Google,Cursor账号
cursor ide bedrock,Google,Cursor IDE
cursor ide for windows,Google,Cursor IDE
cursor账号token,Bing,Cursor账号
cursor ide with local llm,Bing,Cursor IDE
cursor ide enable autocomplete,Google,Cursor IDE
cursor ide xcode,Google,Cursor IDE
cursor ide notepad,Google,Cursor IDE
install cursor ide windows 11,Google,Cursor IDE
cursor ide keeps crashing,Google,Cursor IDE
cursor ide free download,Bing,Cursor IDE
cursor ide zip download,Google,Cursor IDE
cursor ide vs vscode copilot,Google,Cursor IDE
cursor ide gwen,Google,Cursor IDE
cursor账号退出,Google,Cursor账号
cursor ide delete my files,Bing,Cursor IDE
uninstall cursor ide,Bing,Cursor IDE
cursor ide where to set system prompts,Bing,Cursor IDE
cursor购买渠道,Bing,Cursor购买
cursor 账号 共享,Bing,Cursor账号
best cursor ide extensions,Bing,Cursor IDE
cursor ide wsl,Google,Cursor IDE
cursor ide layout,Bing,Cursor IDE
cursor ide yolo mode,Google,Cursor IDE
cursor ide change theme,Google,Cursor IDE
cursor ide mac download,Google,Cursor IDE
cursor ide subscription,Bing,Cursor IDE
3 cursor ide,Google,Cursor IDE
cursor ide pricing,Google,Cursor IDE
cursor账号注册,Bing,Cursor账号
cursor ide turn off autocomplete,Google,Cursor IDE
cursor ide de quien es,Google,Cursor IDE
cursor购买域名,Bing,Cursor购买
cursor ide student,Google,Cursor IDE
cursor ide 0.45,Google,Cursor IDE
cursor ide + claude 3.5 sonnet,Google,Cursor IDE
cursor ide rules,Google,Cursor IDE
cursor ide local llm,Google,Cursor IDE
cursor ide lagging,Google,Cursor IDE
how do you use ollama models with cursor ide,Bing,Cursor IDE
cursor ide png,Bing,Cursor IDE
cursor账号注册手机号,Bing,Cursor账号
cursor ide image,Bing,Cursor IDE
cursor ide back button,Google,Cursor IDE
cursor 0x0,Google,Cursor账号
1 cursor ide,Google,Cursor IDE
cursor ide free,Google,Cursor IDE
cursor ide llm,Google,Cursor IDE
cursor教程,Bing,Cursor教程
cursor ide vim,Google,Cursor IDE
cursor ide what is it,Google,Cursor IDE
cursor ide shortcut to close file browser mac,Bing,Cursor IDE
google cursor ide,Bing,Cursor IDE
cursor ide 2.0,Google,Cursor IDE
cursor购买价格,Bing,Cursor购买
cursor ide golang,Google,Cursor IDE
cursor ids roblox,Google,Cursor IDE
cursor ide pro,Bing,Cursor IDE
cursor购买优惠,Bing,Cursor购买
cursor ide linux,Bing,Cursor IDE
cursor 0x0 full game,Google,Cursor购买
cursor ide login,Bing,Cursor IDE
cursor ide gpt 5 codex issues,Google,Cursor IDE
cursor ide issues,Bing,Cursor IDE
cursor ide vs antigravity,Google,Cursor IDE
cursor ide reddit,Google,Cursor IDE
cursor ide code review,Google,Cursor IDE
cursor ide build cmake project,Bing,Cursor IDE
cursor ide ia,Bing,Cursor IDE
cursor ide unity,Bing,Cursor IDE
cursor ide unlimited,Google,Cursor IDE
cursor ide how to open chat,Google,Cursor IDE
cursor账号,Bing,Cursor账号
cursor ide outage,Google,Cursor IDE
cursor教程,Google,Cursor购买
cursor ide free or paid,Bing,Cursor IDE
cursor ide alternative free,Google,Cursor IDE
cursor ide ubuntu 22.04,Google,Cursor IDE
cursor购买会员,Google,Cursor购买
cursor ide python,Bing,Cursor IDE
cursor ide for python,Bing,Cursor IDE
cursor ide changelog,Google,Cursor IDE
cursor ide integration,Bing,Cursor IDE
cursor ide 0.44,Google,Cursor IDE
cursor ide business,Google,Cursor IDE
cursor ide vs intellij,Google,Cursor IDE
cursor ide mac,Bing,Cursor IDE
cursor ide raspberry pi 5,Google,Cursor IDE
cursor ide install,Google,Cursor IDE
cursor ide for mac,Bing,Cursor IDE
cursor账号怎么注册,Google,Cursor账号
cursor ide zscaler,Google,Cursor IDE
cursor 账号管理工具,Google,Cursor账号
cursor ide tutorial,Google,Cursor IDE
cursor ide keeps hanging,Google,Cursor IDE
cursor ide homebrew,Google,Cursor IDE
cursor ide manjaro,Google,Cursor IDE
cursor ide nixos,Google,Cursor IDE
best cursor ide themes,Bing,Cursor IDE
cursor ide training,Bing,Cursor IDE
cursor ide with copilot,Bing,Cursor IDE
cursor ide vs zed,Google,Cursor IDE
cursor使用教程,Google,Cursor教程
cursor ide example,Google,Cursor IDE
cursor ide ubuntu,Google,Cursor IDE
cursor ide vscode,Bing,Cursor IDE
cursor ide c#,Google,Cursor IDE
cursor ide vs github copilot,Google,Cursor IDE
cursor ide free plan,Bing,Cursor IDE
cursor ide status,Google,Cursor IDE
cursor ide jetbrains,Google,Cursor IDE
how to update cursor ide,Bing,Cursor IDE
cursor 账号管理,Google,Cursor账号
cursor ide hacker news,Google,Cursor IDE
cursor ide agent mode,Bing,Cursor IDE
cursor ide guide,Google,Cursor IDE
cursor ide source code,Google,Cursor IDE
cursor账号可以多设备登录吗,Bing,Cursor账号
cursor ide education,Bing,Cursor IDE
cursor账号注销,Bing,Cursor账号
cursor ide ai for mac,Bing,Cursor IDE
cursor ide go to definition not working,Google,Cursor IDE
cursor怎么用,Google,Cursor账号
cursor ide mod,Google,Cursor IDE
cursor ide news,Bing,Cursor IDE
cursor ide unreal,Google,Cursor IDE
cursor ide download windows,Google,Cursor IDE
cursor ide navigation,Google,Cursor IDE
my cursor disappears,Google,Cursor IDE
cursor ide help,Bing,Cursor IDE
cursor ide icon,Google,Cursor IDE
cursor ide grok,Google,Cursor IDE
cursor ide zoom in,Google,Cursor IDE
cursor ide settings,Google,Cursor IDE
cursor ide jira integration,Google,Cursor IDE
cursor ide getting stuck,Google,Cursor IDE
cursor ide intellij,Google,Cursor IDE
cursor ide black friday,Google,Cursor IDE
cursor ide video,Google,Cursor IDE
cursor ide x claude 3.7 sonnet,Google,Cursor IDE
cursor ide jupyter,Google,Cursor IDE
cursor 账号切换,Google,Cursor账号
cursor教程python,Bing,Cursor教程
cursor ide theme change,Google,Cursor IDE
cursor ide ue5,Google,Cursor IDE
cursor ide gift card,Google,Cursor IDE
cursor ide valuation,Google,Cursor IDE
cursor ide deepseek,Bing,Cursor IDE
cursor ide team plan,Google,Cursor IDE
cursor ai ide,Google,Cursor IDE
cursor ide open chat,Bing,Cursor IDE
cursor ide ssh,Bing,Cursor IDE
cursor ide documentation,Google,Cursor IDE
cursor ide remote development,Google,Cursor IDE
cursor 账号 购买,Google,Cursor账号
cursor ide size,Bing,Cursor IDE
cursor ide error,Google,Cursor IDE
cursor ide free,Bing,Cursor IDE
cursor ide marketplace,Google,Cursor IDE
cursor ide with flutter,Bing,Cursor IDE
cursor ide keyboard shortcuts,Google,Cursor IDE
cursor ide download for mac,Bing,Cursor IDE
cursor ide screenshot,Google,Cursor IDE
cursor ide team,Google,Cursor IDE
cursor ide windows 11,Google,Cursor IDE
cursor ide memory,Bing,Cursor IDE
cursor ide on android,Google,Cursor IDE
cursor is lagging windows 11,Google,Cursor IDE
cursor ide ollama,Google,Cursor IDE
cursor.so,Google,Cursor教程
cursor ide terminal,Google,Cursor IDE
cursor ide update,Bing,Cursor IDE
cursor ide free tier,Google,Cursor IDE
cursor ide with claude sonnet 3.7,Google,Cursor IDE
cursor ide english,Google,Cursor IDE
cursor ide eslint,Google,Cursor IDE
cursor ide composer 1,Google,Cursor IDE
cursor java,Google,Cursor购买
cursor ide on iphone,Google,Cursor IDE
cursor ide evaluation,Google,Cursor IDE
cursor ide themes,Google,Cursor IDE
cursor账号购买,Bing,Cursor账号
cursor ide wsl,Bing,Cursor IDE
cursor ide competitors,Bing,Cursor IDE
cursor ide local llm,Bing,Cursor IDE
cursor ide install ubuntu,Google,Cursor IDE
cursor ide limits,Google,Cursor IDE
how to get cursor ide for free,Bing,Cursor IDE
cursor 0x0 all bosses,Google,Cursor账号
cursor pro,Google,Cursor购买
cursor ide keeps disappearing,Google,Cursor IDE
cursor ide java,Google,Cursor IDE
cursor ide meme,Google,Cursor IDE
cursor ide extremely slow,Google,Cursor IDE
cursor购买教程,Bing,Cursor购买
cursor ide killer,Google,Cursor IDE
cursor ide language support,Bing,Cursor IDE
cursor ide web version,Google,Cursor IDE
cursor ide ceo,Bing,Cursor IDE
cursor ide for android,Google,Cursor IDE
cursor ide for windows,Bing,Cursor IDE
cursor ide go to definition,Google,Cursor IDE
cursor 如何使用,Google,Cursor教程
cursor ide not responding,Google,Cursor IDE
cursor ide not working,Google,Cursor IDE
cursor ide alternative,Google,Cursor IDE
cursor ide trial,Google,Cursor IDE
cursor ai powered ide charge on credit card,Bing,Cursor IDE
cursor ide cli,Google,Cursor IDE
cursor ide gemini 2.5,Google,Cursor IDE
how to use cursor ide,Bing,Cursor IDE
cursor ide windows,Google,Cursor IDE
cursor ide yolo mode,Bing,Cursor IDE
cursor ide c#,Bing,Cursor IDE
cursor ide godot,Bing,Cursor IDE
cursor ide sign in,Bing,Cursor IDE
cursor ide pricing,Bing,Cursor IDE
cursor ide for unity,Google,Cursor IDE
cursor ide rules,Bing,Cursor IDE
cursor教程中文,Bing,Cursor教程
cursor ide 1с,Google,Cursor IDE
cursor when typing,Google,Cursor IDE
cursor ide alternative free,Bing,Cursor IDE
cursor.so ide,Google,Cursor IDE
cursor ide download windows 11,Google,Cursor IDE
cursor ide,Google,Cursor IDE
cursor ide jupyter notebook,Google,Cursor IDE
cursor-4u,Google,Cursor购买
cursor ide ios,Google,Cursor IDE
cursor ide install,Bing,Cursor IDE
cursor 87,Google,Cursor购买
cursor ide versions,Bing,Cursor IDE
cursor ide founders,Bing,Cursor IDE
cursor ide 0.49,Google,Cursor IDE
cursor 怎么用,Google,Cursor账号
cursor ide models,Google,Cursor IDE
cursor账号共享,Bing,Cursor账号
cursor ide new chat,Google,Cursor IDE
cursor ide not opening,Google,Cursor IDE
cursor ide vs,Google,Cursor IDE
cursor使用,Google,Cursor教程
cursor ide ubuntu,Bing,Cursor IDE
cursor中文,Google,Cursor购买
cursor ide demo,Google,Cursor IDE
cursor ide is open source,Google,Cursor IDE
cursor ide usage limits,Google,Cursor IDE
cursor ide layout vs agent layout,Google,Cursor IDE
cursor ide java development,Google,Cursor IDE
cursor ide new project,Google,Cursor IDE
cursor ide run c#,Bing,Cursor IDE
cursor ide shortcuts,Google,Cursor IDE
cursor ide usage,Google,Cursor IDE
cursor ide windows download,Google,Cursor IDE
cursor ide open source,Google,Cursor IDE
cursor ide how it works,Google,Cursor IDE
cursor ide for linux,Google,Cursor IDE
cursor ide history,Google,Cursor IDE
cursor ide wiki,Google,Cursor IDE
cursor ide reddit,Bing,Cursor IDE
cursor ide editor,Google,Cursor IDE
cursor ide review reddit,Google,Cursor IDE
cursor ide not updating,Google,Cursor IDE
cursor 购买优惠,Google,Cursor购买
cursor x,Google,Cursor IDE
cursor ide keymap,Google,Cursor IDE
cursor ide company,Google,Cursor IDE
cursor ide kotlin,Google,Cursor IDE
cursor ide license,Google,Cursor IDE
cursor ide x claude 3.7,Google,Cursor IDE
cursor ide install windows,Bing,Cursor IDE
cursor ide best theme,Google,Cursor IDE
cursor ide windows 11,Bing,Cursor IDE
cursor购买会员,Bing,Cursor购买
cursor ide reset,Google,Cursor IDE
cursor怎么用,Google,Cursor教程
cursor ide changelog,Bing,Cursor IDE
cursor ide vs intellij,Bing,Cursor IDE
cursor ide gitlab,Google,Cursor IDE
cursor ide reset trial,Google,Cursor IDE
cursor ide java spring boot,Google,Cursor IDE
cursor code,Google,Cursor购买
cursor ide cost,Bing,Cursor IDE
cursor 教程 vscode,Google,Cursor教程
cursor ide yolo,Google,Cursor IDE
cursor ide valuation,Bing,Cursor IDE
cursor code editor,Google,Cursor IDE
cursor账号能共享吗,Google,Cursor账号
cursor ide grok 3,Google,Cursor IDE
cursor ide tutorial,Bing,Cursor IDE
cursor ide sso,Bing,Cursor IDE
cursor ide black screen,Google,Cursor IDE
cursor ide architecture,Bing,Cursor IDE
cursor ide review,Google,Cursor IDE
cursor ide rust,Google,Cursor IDE
cursor ide in unity,Bing,Cursor IDE
cursor ide ubuntu install,Google,Cursor IDE
cursor ide revenue,Google,Cursor IDE
cursor 账号 购买,Bing,Cursor账号
cursor ide status,Bing,Cursor IDE
cursor ide free download,Google,Cursor IDE
cursor ide icon png,Google,Cursor IDE
cursor ide releases,Google,Cursor IDE
cursor ide zoom out,Google,Cursor IDE
cursor ide vs vscode,Google,Cursor IDE
cursor ide chrome extension,Google,Cursor IDE
cursor ide xdebug,Google,Cursor IDE
cursor ide descargar usuario,Bing,Cursor IDE
cursor ide how to update,Google,Cursor IDE
cursor ide vs pycharm,Google,Cursor IDE
cursor 教程 pdf,Bing,Cursor教程
cursor ide latest version,Google,Cursor IDE
cursor ide keyboard shortcuts,Bing,Cursor IDE
how to restart cursor ide,Bing,Cursor IDE
cursor codes,Google,Cursor账号
cursor ide layout,Google,Cursor IDE
cursor ide amazon q,Google,Cursor IDE
how to reset cursor ide to default in linux,Bing,Cursor IDE
cursor ide ollama,Bing,Cursor IDE
reset cursor ide,Bing,Cursor IDE
mouse pointer colors,Google,Cursor IDE
cursor ide zip,Google,Cursor IDE
cursor ide billing,Google,Cursor IDE
ide like cursor,Bing,Cursor IDE
cursor ide login,Google,Cursor IDE
what is better than cursor ide,Bing,Cursor IDE
cursor ide release notes,Bing,Cursor IDE
cursor ide on linux,Google,Cursor IDE
cursor ide support,Google,Cursor IDE
cursor ide team,Bing,Cursor IDE
cursor ide logo png,Google,Cursor IDE
cursor ide plugins,Bing,Cursor IDE
cursor ide icon,Bing,Cursor IDE
cursor ide baixar,Bing,Cursor IDE
cursor ide esp32,Google,Cursor IDE
cursor ide settings,Bing,Cursor IDE
cursor使用教程,Google,Cursor购买
cursor ide windows,Bing,Cursor IDE
cursor pointer,Google,Cursor购买
cursor ide keeps getting stuck,Google,Cursor IDE
cursor 0x0 full game,Google,Cursor账号
cursor ide not starting,Google,Cursor IDE
cursor ide docs,Google,Cursor IDE
cursor ide vs claude code,Google,Cursor IDE
cursor ide stock,Google,Cursor IDE
cursor ide for free,Google,Cursor IDE
cursor ide download for windows,Bing,Cursor IDE
cursor ide crack,Bing,Cursor IDE
cursor ide ipad,Google,Cursor IDE
cursor ide gratis,Bing,Cursor IDE
cursor ide discount code,Google,Cursor IDE
cursor账号可以共享吗,Bing,Cursor账号
cursor ide unreal engine 5,Google,Cursor IDE
cursor ide brew,Google,Cursor IDE
cursor ide java spring,Google,Cursor IDE
cursor ide mobile,Google,Cursor IDE
cursor ide vs copilot,Google,Cursor IDE
cursor ide discord,Google,Cursor IDE
cursor ide how to,Google,Cursor IDE
cursor ide kdb support,Bing,Cursor IDE
cursor ide who owns it,Google,Cursor IDE
cursor教程,Google,Cursor账号
cursor ide keeps freezing,Google,Cursor IDE
cursor ide exit zen mode,Google,Cursor IDE
cursor ide 0.46,Google,Cursor IDE
cursor ide mcp,Google,Cursor IDE
cursor ide not working,Bing,Cursor IDE
cursor ide vulnerability,Google,Cursor IDE
cursor ide alternative,Bing,Cursor IDE
cursor ide download windows 10,Google,Cursor IDE
cursor ide system installer,Bing,Cursor IDE
cursor ide mod apk,Bing,Cursor IDE
cursor ide founder,Google,Cursor IDE
cursor.zip,Google,Cursor IDE
cursor ide ai download,Google,Cursor IDE
cursor 教程 2025,Google,Cursor教程
cursor ide extension marketplace,Google,Cursor IDE
cursor ide tab,Google,Cursor IDE
cursor coding,Google,Cursor购买
cursor ide quick start,Google,Cursor IDE
cursor账号可以多人使用吗,Google,Cursor账号
cursor ide keeps lagging,Google,Cursor IDE
cursor ide pylance,Bing,Cursor IDE
cursor ide open source,Bing,Cursor IDE
cursor如何使用,Google,Cursor教程
cursor ide for java,Bing,Cursor IDE
cursor ide jira,Google,Cursor IDE
cursor ide themes,Bing,Cursor IDE
cursor ide download linux,Google,Cursor IDE
cursor ide dashboard,Google,Cursor IDE
cursor ide getting started,Google,Cursor IDE
cursor ide logo,Google,Cursor IDE
cursor ide gemini,Google,Cursor IDE
who makes cursor ide,Bing,Cursor IDE
get cursor ide,Bing,Cursor IDE
cursor ide student plan,Google,Cursor IDE
cursor ide .net,Google,Cursor IDE
cursor ide,Bing,Cursor IDE
cursor ide tunnel,Bing,Cursor IDE
cursor ide ui,Google,Cursor IDE
cursor ide ubuntu ppa,Bing,Cursor IDE
cursor ide github,Google,Cursor IDE
cursor ide for mac,Google,Cursor IDE
cursor 9,Google,Cursor账号
cursor账号可以几个人用,Google,Cursor账号
cursor ide for kali linux,Google,Cursor IDE
cursor ide vs vs code,Bing,Cursor IDE
install cursor ide ubuntu 24.04,Google,Cursor IDE
cursor ide arch,Google,Cursor IDE
cursor ide elixir,Google,Cursor IDE
cursor ide claude 3.5,Google,Cursor IDE
cursor ide is best described as,Google,Cursor IDE
cursor教程2024,Bing,Cursor教程
cursor ide download for windows 11,Google,Cursor IDE
cursor ide for ipad,Google,Cursor IDE
cursor ide application,Bing,Cursor IDE
cursor ide transparent background,Google,Cursor IDE
cursor ide gemini 2.5 pro,Google,Cursor IDE
cursor ide go to definition,Bing,Cursor IDE
cursor ide download,Google,Cursor IDE
cursor ide security,Google,Cursor IDE
cursor ide app,Google,Cursor IDE
cursor教程全自动代码生成器,Bing,Cursor教程
cursor ide extensions,Google,Cursor IDE
